{
    "the": 1,
    "a": 1,
    "an": 1,
    "of": 1,
    "about": 1,
    "above": 1,
    "across": 1,
    "after": 1,
    "against": 1,
    "along": 1,
    "among": 1,
    "as": 1,
    "at": 1,
    "before": 1,
    "behind": 1,
    "be": 1,
    "is": 1,
    "are": 1,
    "was": 1,
    "were": 1,
    "am": 1,
    "and": 1,
    "but": 1,
    "been": 1,
    "below": 1,
    "beneath": 1,
    "beside": 1,
    "besides": 1,
    "between": 1,
    "beyond": 1,
    "by": 1,
    "despite": 1,
    "down": 1,
    "during": 1,
    "except": 1,
    "for": 1,
    "from": 1,
    "in": 1,
    "inside": 1,
    "into": 1,
    "like": 1,
    "near": 1,
    "off": 1,
    "on": 1,
    "onto": 1,
    "out": 1,
    "outside": 1,
    "over": 1,
    "than": 1,
    "through": 1,
    "throughout": 1,
    "under": 1,
    "to": 1,
    "toword": 1,
    "towords": 1,
    "up": 1,
    "upon": 1,
    "via": 1,
    "with": 1,
    "within": 1,
    "without": 1
}